name,mp2631gs,mp2adz
001CYS-005ILE-2,2.343036,1.832815
001GLY-005LEU-1,1.971363,1.449052
002ALA-006LYS-1,2.116238,1.707951
002ARG-006GLU-2,2.366946,1.979336
002SER-006GLN-1,2.327926,1.793157
002VAL-006ASN-2,2.276993,1.733930
003GLU-006GLN-1,2.930821,2.763324
003PRO-007GLN-1,2.212241,1.595019
003PRO-023LEU-1,2.316366,1.792708
004GLU-008LYS-1,2.292049,1.673023
004LYS-245ILE-1,2.974323,2.240748
004THR-021PHE-1,4.038651,2.883580
005ILE-009LEU-1,2.772022,2.007185
005LEU-009GLN-1,2.413392,1.982222
005LEU-009HIE-1,2.074591,1.750647
005TYR-041GLY-2,2.886804,1.933849
005VAL-055LEU-1,2.952861,2.387672
005VAL-161GLY-1,4.262206,3.567325
006ARG-010ASP-2,2.404623,1.906409
007ALA-033HIE-2,2.783765,1.994893
007ALA-249TRP-1,3.596950,2.745932
007ILE-011ILE-1,2.283809,1.660841
007LEU-011MET-1,2.559247,1.987567
007PHE-019VAL-1,3.125621,2.586112
007SER-011GLN-1,1.949809,1.639834
008ILE-012LEU-1,2.296295,1.828467
008ILE-012THR-2,1.934002,1.620704
008LYS-012PHE-2,2.259761,1.946368
009GLN-013GLU-1,2.379332,1.975864
009ILE-016LEU-1,3.116388,2.427638
009ILE-017GLY-1,2.552794,2.226200
009LEU-013GLU-2,2.483511,1.938188
009TRP-037VAL-1,2.266935,1.926795
011MET-015MET-2,2.151200,1.623806
011VAL-014GLU-1,3.161807,2.927764
012ASN-016LEU-2,2.622396,2.164157
012LEU-016LEU-2,2.393486,1.853111
012LEU-016LYS-1,2.481571,1.752325
012THR-016ARG-1,2.018829,1.533997
012VAL-019MET-1,2.783617,2.394780
013GLU-017HIE-2,2.191207,1.587503
013GLU-017MET-1,2.234664,1.699762
013LEU-017ASN-2,2.466041,2.106182
013SER-024LYS-1,2.328368,1.539724
015ILE-019LYS-1,2.172758,1.791521
015VAL-083ILE-2,2.879025,2.069270
016GLN-020GLN-1,2.483957,1.932355
017ASN-021LYS-2,1.845682,1.443975
017ASP-020THR-2,2.678817,1.830239
017HIE-021LEU-1,2.280270,1.726865
018CYS-022SER-2,2.295599,1.957788
018LEU-022THR-1,2.551331,1.793550
018THR-022GLN-1,2.287174,1.744253
019LEU-023VAL-1,2.491319,1.955194
019LYS-023GLU-2,2.438985,1.894013
019MET-022ILE-2,2.912589,2.694101
020HIE-062ASP-1,2.973128,2.478288
020SER-132LYS-2,3.831365,3.032083
020VAL-024SER-2,2.208431,1.865936
021LYS-025SER-1,2.033921,1.587509
022GLN-026ASN-2,1.853530,1.624864
022THR-026TYR-2,2.087972,1.639162
023THR-027VAL-1,2.417180,1.749281
024SER-028GLY-1,2.036873,1.580339
025GLY-029LEU-1,2.175166,1.613155
025ILE-070TRP-1,2.910884,1.984854
025VAL-028SER-1,2.767254,2.661434
026GLY-036GLN-2,3.058794,2.319440
027ARG-031ALA-1,2.247581,1.839247
027ASP-031VAL-1,2.410857,1.734110
027LYS-031ALA-1,2.163752,1.640029
027PHE-031SER-2,2.471235,2.143157
027VAL-031GLN-1,2.280696,1.806219
027VAL-068GLU-1,3.274053,2.329945
028ARG-031ASN-1,2.807384,2.641961
029LYS-032HIE-1,2.907565,2.819441
029PRO-033GLU-1,2.212282,1.828069
029THR-033ASN-2,2.371123,1.745498
030ILE-034LEU-2,2.093985,1.726594
030LYS-034ASN-1,2.176629,1.702266
031PRO-098VAL-1,2.363378,1.758765
031THR-035PHE-1,1.809304,1.449151
031VAL-035ALA-1,2.401855,1.792249
032ALA-036ARG-1,2.328161,1.873789
032TRP-061ILE-1,3.068067,2.022741
032VAL-035HIE-1,2.711181,2.382694
032VAL-040ILE-1,2.912770,2.313352
033ALA-037ARG-1,2.167757,1.579171
033ALA-038ILE-1,4.690228,3.612533
033ALA-080ARG-1,2.826955,1.851314
033LEU-098VAL-1,3.076159,2.227301
034ALA-037HIE-1,2.837143,2.601164
034ALA-038MET-1,2.282261,1.718142
034GLN-038ILE-2,2.276398,1.735218
034GLY-175GLN-1,3.381549,2.423215
034LEU-038GLN-1,2.319447,1.874087
034PHE-059ILE-1,3.080884,2.179174
035ASN-039LYS-1,2.465498,1.973719
035GLU-039ASP-2,2.462076,1.908237
035LYS-087GLU-1,3.106808,2.365082
035THR-039ILE-1,2.208028,1.832244
036GLN-040GLU-1,1.945377,1.478654
036GLU-040ALA-1,2.194365,1.743611
036GLU-040LEU-1,2.190299,1.657372
036ILE-062THR-2,3.087870,2.063347
036ILE-064GLU-1,2.926533,2.355117
037ARG-041LEU-1,2.193885,1.602152
037TRP-041ILE-1,2.409300,1.989290
038ASP-042ASN-2,2.319620,1.969831
038VAL-171THR-1,3.358554,2.616351
039ARG-043ASN-1,2.533528,1.963693
039ARG-043VAL-1,2.326554,1.651438
040GLU-044GLN-1,1.843965,1.463124
040LYS-044ASP-2,2.320672,1.894585
041ASP-045TYR-2,2.294915,1.868409
041GLY-056PHE-1,2.956478,2.038534
041GLY-167GLN-1,4.351007,3.507398
042LEU-047ILE-2,2.223446,1.921037
043ALA-047SER-1,2.392466,1.938219
044GLN-061LYS-1,2.743368,2.367361
045ILE-048ILE-2,2.820447,2.484103
045LYS-048GLU-2,2.731622,2.405373
045LYS-049THR-2,2.318864,1.809891
045THR-049PHE-1,2.259599,1.779385
045VAL-049ALA-1,2.356121,1.933979
046ARG-050ASP-1,2.351366,1.959082
046SER-050SER-1,2.266158,1.718944
047GLY-051SER-1,1.990965,1.485544
047ILE-058THR-2,2.418975,1.962486
047LEU-051LEU-1,2.286905,1.758483
047SER-051ASN-2,2.317780,1.669841
047TYR-050GLY-1,2.759604,2.408422
047TYR-050SER-2,3.038063,2.650542
048ILE-051HIE-1,2.532226,2.440293
050ASP-054SER-1,2.105757,1.681150
050SER-054GLU-1,2.298543,1.858938
051ALA-055ASN-1,1.998383,1.552818
051CYS-155ILE-1,4.533933,3.693446
051GLU-054GLN-1,2.613869,2.347656
051HIE-055PHE-1,2.384075,1.987100
051ILE-144ILE-2,2.627206,1.908294
051SER-055ILE-1,2.381988,1.819793
052ASN-142ALA-1,4.354002,3.234344
052ASN-185TRP-1,2.859872,2.121327
052VAL-057SER-2,1.982220,1.653664
053GLU-057ASN-1,2.201611,1.693725
053GLU-057VAL-1,2.244930,1.582119
053VAL-057GLU-1,2.530513,1.957989
054ARG-062GLN-1,2.850512,2.562872
054ASN-058GLU-2,2.534398,1.908196
055PHE-059THR-1,1.962575,1.657796
055SER-059LYS-1,2.378516,1.869591
056GLN-060ASP-1,1.762922,1.402653
056ILE-060MET-2,2.757244,2.304604
056LYS-060LEU-1,2.187712,1.807840
056MET-059MET-2,2.862918,2.815655
057HIE-068LYS-2,3.264612,2.339312
058ILE-062HIE-2,2.379815,1.841296
058LEU-062LYS-2,2.450828,1.888745
059ALA-179SER-1,2.826277,2.484471
059PHE-115THR-2,3.224052,2.577882
059THR-063GLY-1,2.461053,1.794797
060ASP-064ALA-1,1.943826,1.580600
060MET-097TRP-1,4.097279,3.156826
060TYR-064LEU-2,2.291977,1.694064
061ALA-065ALA-1,2.248059,1.833994
061ARG-065LEU-1,2.396925,1.868195
061ASP-064PHE-1,3.752256,3.126990
061GLY-065LEU-1,2.386675,1.901392
061ILE-099ARG-1,3.011492,2.188723
061LYS-066LEU-2,2.176440,1.727295
062ALA-086ASP-1,2.222507,1.707171
062LYS-066GLN-1,1.743640,1.372678
063ASN-174TYR-1,2.464756,1.995873
063ASP-067GLU-2,2.133502,1.646464
063GLY-067SER-1,1.789799,1.453876
064GLY-172GLU-1,4.498359,3.461975
065THR-069ILE-2,2.395115,1.964804
065TYR-172GLU-1,2.879241,1.942829
066VAL-070ALA-2,2.484667,2.086961
067ARG-071GLU-1,1.890720,1.510475
067ASP-070ALA-2,2.987406,2.918460
067ASP-071PHE-1,2.569263,2.024605
067GLU-071ALA-1,2.561403,1.921164
067SER-071LEU-2,2.469719,1.930508
067THR-170ALA-1,2.542592,1.879603
067THR-170ALA-2,2.649241,2.331472
068ILE-072ASN-1,2.451916,1.910400
068LEU-072HIE-2,2.202484,1.753335
068PHE-073ARG-1,1.927360,1.596532
069PHE-168VAL-1,3.099795,2.564382
070ALA-075VAL-1,2.328765,1.747097
070GLY-079TYR-1,2.389500,1.539921
070GLY-079TYR-2,2.635494,2.080002
070MET-074VAL-1,2.101691,1.624715
070THR-074LYS-1,2.177287,1.901120
071GLN-075SER-2,2.229184,1.871569
071GLU-075ASP-1,2.512517,1.807360
071TRP-165ALA-2,2.476921,2.047735
073ARG-077VAL-1,2.605664,1.898459
073GLU-077ASN-1,2.206152,1.771598
074ALA-082SER-1,2.940107,2.290416
074LEU-078ASP-2,2.484710,2.040028
074VAL-079LEU-1,2.445649,1.708869
076LEU-080VAL-1,2.243579,1.798478
076SER-079GLY-2,3.028709,2.973426
078ASP-082LYS-2,2.088206,1.636778
078PRO-122VAL-1,2.070742,1.590096
079LYS-083GLU-1,2.158180,1.573142
079TYR-128TYR-1,3.916074,2.939447
080ILE-085SER-1,4.058726,2.941916
080LYS-104VAL-1,3.063992,2.412478
080VAL-084LEU-1,2.585085,1.838433
081ILE-085ARG-2,2.160512,1.905426
081LEU-085ILE-2,2.503373,1.950050
082ILE-087PHE-2,2.146724,1.751962
083GLU-087SER-1,2.310759,1.764364
085MET-089MET-1,2.340966,1.936066
086TYR-093TYR-1,3.036043,2.364323
087ALA-091ALA-1,2.271116,1.755020
088PHE-092LEU-2,2.001868,1.497137
089MET-093GLY-1,2.251143,1.730026
090ARG-185ARG-1,2.985550,2.362433
095LYS-107ILE-2,2.767453,2.130395
096SER-100LEU-1,2.639270,2.003405
096VAL-181VAL-1,2.836208,2.261369
097ASN-100ALA-1,2.547329,2.482581
098ALA-179ALA-1,2.889240,2.177538
098LEU-147VAL-1,2.322102,1.732531
099LEU-124ALA-1,3.379559,2.525639
101GLN-105THR-2,1.947399,1.660744
102SER-106LEU-1,2.194434,1.745002
102THR-106GLU-1,2.365688,1.903242
104THR-133GLN-1,2.777543,2.308061
104TRP-108LEU-1,2.292438,1.771671
105ASN-109ALA-2,2.234980,1.847472
105ASN-155VAL-1,3.012143,2.257032
105LEU-109CYS-1,2.497259,2.044855
105PHE-113THR-1,2.949269,2.386557
106SER-110PHE-2,2.203110,1.933960
108LEU-112TRP-1,2.085370,1.644957
108THR-112ASP-2,1.885380,1.380678
109CYS-113CYS-1,2.432968,1.757280
109GLY-113ALA-2,2.352882,1.892070
110ALA-114ALA-2,2.624290,2.134306
110PHE-114LYS-1,2.341628,1.828486
115SER-118ASP-2,3.200056,3.010395
115TYR-118ARG-1,2.776506,2.475973
116ASN-119ARG-1,2.775441,2.761907
117PRO-120VAL-1,2.474995,2.270274
118ASP-122VAL-1,2.114156,1.583882
120GLY-124GLY-1,1.943768,1.570693
121LYS-125ALA-1,1.782847,1.389326
122VAL-126ALA-1,2.122615,1.743940
123ILE-232PRO-1,2.865222,1.914583
123MET-127MET-2,1.702491,1.459977
124GLN-128SER-2,2.512224,2.116974
124GLU-128ILE-1,2.360844,1.811546
124LEU-132HIE-1,3.204909,2.628060
124THR-128ALA-2,2.360574,1.895858
125ASP-129GLY-1,1.893128,1.542516
125TYR-129PHE-1,2.343142,1.931013
126ILE-130ARG-1,2.051348,1.802868
127ARG-131THR-2,2.463805,1.902952
129PHE-133VAL-2,2.020922,1.607156
130VAL-133LYS-1,3.073574,2.722322
132ASP-136TYR-1,2.248033,1.750609
132ILE-207PRO-1,2.225883,1.826563
133ARG-137ASN-1,2.449668,1.937481
135ASP-139ILE-1,2.062019,1.547928
135LYS-139ILE-1,2.172195,1.764217
136PHE-141ALA-2,1.998573,1.694024
137ARG-140GLY-1,3.000513,2.757881
138ARG-142GLU-2,2.393308,1.868317
138LEU-142LEU-1,2.685754,2.101173
139GLU-142GLN-2,3.010873,2.452643
141ALA-144VAL-1,2.719723,2.584257
142LEU-146GLN-1,1.917254,1.472451
143ARG-147GLN-1,2.185172,1.706562
149HIE-153TRP-2,2.430972,2.041520
151ASN-155SER-1,2.098630,1.523746
151THR-155GLY-1,2.789589,2.045722
155GLY-159ILE-1,2.080921,1.810244
158LEU-164ALA-2,2.901696,2.194085
159ALA-163LEU-1,2.255895,1.613320
160ALA-164ILE-2,2.236912,1.955402
161PRO-165LYS-2,2.111013,1.778326
166GLY-170HIE-1,2.372558,1.813253
168ILE-172ASN-1,2.185316,1.776963
193SER-197VAL-1,2.487817,1.803345
194PHE-198PHE-2,2.310120,1.871755
195ASP-199SER-2,2.135829,1.715629
198PRO-202PHE-1,1.810612,1.583086
199SER-203GLN-2,2.268334,1.925394
200ARG-204ALA-1,1.840027,1.435687
201ALA-205LEU-1,2.322682,1.885228
202TYR-206ALA-2,2.639062,2.036302
212PRO-216VAL-1,1.979229,1.593328
213ALA-217ALA-1,2.202360,1.690360
218LEU-222TYR-1,2.065477,1.623020
220GLU-224ASN-1,2.028032,1.620384
221ALA-225TRP-1,1.934406,1.566495
222TYR-226LEU-1,2.508866,2.019177
225ASN-229TRP-1,2.357099,1.791560
227ALA-231THR-2,2.100922,1.654665
228ARG-232GLU-1,2.307961,1.973873
237TRP-264ILE-1,2.456399,1.932845
245PRO-249ALA-1,2.439317,1.774065
248GLU-252LEU-1,2.538836,1.904311
249ALA-253ALA-1,2.343124,1.774751
251ARG-255SER-1,2.667918,2.068013
270TYR-273GLU-1,2.837314,2.738256
